name,surname,created_datetime,updated_datetime
Aileen,Stuart,5746-05-01 12:44:53Z,0334-07-13 13:02:54Z
Rebecca,Clayton,5562-03-26 12:13:04Z,1363-12-10 17:22:34Z
Julianna,Ranks,7678-10-28 01:09:41Z,0372-10-12 22:26:05Z
Clarissa,Tait,7973-07-16 01:58:35Z,2975-03-13 07:09:48Z
Elisabeth,Walter,4185-02-23 13:30:05Z,0087-07-19 11:33:09Z
Jacqueline,Niles,8067-07-03 10:35:11Z,9961-09-30 14:35:49Z
Domenic,Jarrett,7588-09-09 11:13:27Z,8388-09-28 09:12:45Z
Barry,Knight,3494-09-04 10:37:36Z,0286-03-26 10:51:55Z
Mark,Gibbons,9906-01-13 13:23:23Z,3013-06-14 16:33:57Z
Juliet,Baldwin,6596-06-15 02:17:37Z,1698-10-21 02:20:22Z
Carmen,Chappell,4573-10-29 00:56:34Z,9676-07-06 03:42:52Z
Charlotte,Glynn,7682-08-28 21:49:03Z,5376-04-17 15:38:46Z
Denny,Lunt,6898-03-21 08:20:57Z,8587-06-05 08:30:32Z
Grace,Gaynor,5333-03-16 13:25:48Z,3336-12-07 13:49:05Z
Joseph,Funnell,8913-10-19 04:26:34Z,6322-07-07 09:41:34Z
Doug,Ellwood,7675-08-10 14:36:36Z,1090-02-02 17:11:20Z
Britney,James,2350-06-15 07:24:13Z,2040-05-11 02:48:41Z
Trisha,Wigley,7984-06-02 04:53:23Z,2265-12-01 22:48:56Z
Ronald,Murray,7657-08-06 21:48:11Z,2247-11-06 18:37:44Z
Martin,Gates,6564-05-06 19:02:20Z,4283-02-25 06:52:52Z
Tara,Seymour,9691-03-09 10:42:13Z,8824-03-04 17:22:22Z
Percy,Norton,4692-11-08 09:34:02Z,9792-07-05 07:10:56Z
Stella,Brennan,1421-01-28 08:50:02Z,7982-10-06 16:55:04Z
Catherine,Simpson,7966-05-30 11:06:57Z,3423-09-04 00:15:21Z
Cassidy,Thompson,1872-06-29 10:26:18Z,4490-08-21 22:41:54Z
Alma,Thomas,8271-02-11 02:50:10Z,0842-05-31 01:25:17Z
Peter,Sylvester,6726-06-13 20:28:03Z,6369-11-03 06:53:34Z
Victoria,Gallacher,9548-07-31 21:24:43Z,3493-02-14 17:13:08Z
Elisabeth,Chadwick,9695-04-17 09:15:47Z,2582-04-05 22:49:04Z
Bart,Fowler,5146-01-18 12:57:14Z,8120-10-19 15:47:20Z
Tom,Allington,8722-07-14 03:25:25Z,7349-04-15 06:11:08Z
Vanessa,Greenwood,7031-02-25 11:13:15Z,3788-07-31 06:04:30Z
Lucas,Moore,4403-07-15 08:26:28Z,5372-04-28 01:25:47Z
Sloane,Tait,0973-10-05 05:48:21Z,5232-12-20 15:37:54Z
Skylar,King,8114-11-23 01:43:58Z,4333-03-22 08:42:49Z
Michael,Power,4320-01-01 18:58:55Z,1977-12-19 05:45:20Z
Eduardo,Vernon,6058-05-22 05:24:52Z,8555-08-11 14:26:34Z
Logan,Hood,6288-08-21 07:41:29Z,1040-02-09 16:41:57Z
Joseph,Doherty,6653-10-06 10:48:24Z,3256-01-03 10:51:33Z
Leslie,Goodman,2057-07-04 18:19:05Z,5777-08-11 17:16:14Z
Anthony,Mcnally,8031-05-11 10:17:26Z,0938-11-11 12:03:22Z
Natalie,Ingram,9404-08-17 18:34:27Z,5300-08-08 04:34:01Z
Danny,Ogilvy,4232-02-19 12:22:23Z,5262-06-30 21:24:43Z
Hailey,Oliver,8622-05-28 00:31:57Z,2318-02-23 21:47:11Z
Danny,Cooper,2652-11-17 22:43:37Z,0478-01-03 12:41:12Z
Leroy,Stewart,3800-03-24 20:54:03Z,5676-05-13 13:38:37Z
Tania,Farrow,0783-03-23 18:03:29Z,2983-06-17 06:45:48Z
Kieth,Vincent,1580-04-03 12:37:45Z,4785-06-27 08:41:30Z
Meredith,London,4823-03-07 02:36:54Z,6641-10-12 07:09:32Z
Nicholas,Ebbs,1870-08-28 04:40:07Z,7494-07-20 06:54:23Z
Jessica,Dubois,2220-12-21 08:16:16Z,0891-11-17 04:55:07Z
Juliet,Rivers,5960-01-17 16:26:34Z,6341-09-06 21:36:16Z
Angel,Hobbs,9709-08-07 08:56:37Z,7290-12-08 02:45:07Z
John,Reynolds,2603-03-19 16:19:37Z,5750-11-25 03:13:24Z
Nick,Villiger,5910-08-13 11:14:32Z,1153-11-14 08:18:07Z
Logan,Stone ,2511-05-16 22:19:38Z,3600-12-09 02:09:00Z
Madelyn,Ingram,3357-11-01 22:06:55Z,0591-10-12 17:23:50Z
Barry,Watson,3799-12-27 20:42:05Z,6138-01-25 16:27:58Z
Kamila,Rowan,0092-11-02 16:00:58Z,2150-12-17 01:03:24Z
Hannah,Radley,2553-10-11 11:07:35Z,0563-02-03 14:53:16Z
Sabina,Dyson,8711-05-21 02:36:32Z,7462-11-14 08:40:00Z
Hannah,Kelly,3265-12-30 05:06:56Z,8440-10-25 15:19:25Z
Dalia,Edwards,1247-03-18 08:34:28Z,5575-12-24 02:32:42Z
Johnny,Higgs,1381-06-15 14:22:25Z,4688-02-02 15:22:23Z
Angela,Townend,9287-10-12 06:00:38Z,2122-04-10 21:34:49Z
William,Allwood,7465-03-05 17:01:04Z,1887-11-23 06:07:17Z
Gemma,Pratt,1885-07-17 14:42:30Z,3753-09-24 00:56:01Z
Ada,Rowe,1959-06-07 02:33:49Z,3454-09-15 03:57:52Z
Darlene,Hall,3916-04-13 19:20:21Z,2801-03-13 09:14:06Z
Isabel,Smith,7403-03-29 14:16:07Z,8368-07-17 21:36:47Z
Danny,Bishop,5506-10-01 15:27:13Z,8433-03-09 02:09:24Z
Brad,Nash,7969-04-06 17:22:09Z,0953-07-14 13:41:54Z
Cedrick,Mcneill,4556-03-10 10:16:41Z,5086-03-01 05:20:04Z
Maribel,Allwood,8409-07-13 04:52:07Z,4368-01-04 06:04:41Z
Gwen,Baldwin,9433-12-22 19:53:57Z,7416-01-04 07:54:52Z
Harvey,Gibson,0951-07-23 04:10:31Z,3348-01-09 20:48:19Z
Ron,Collingwood,9559-09-25 13:28:01Z,6585-07-11 07:37:12Z
Fred,Calderwood,5122-03-20 14:21:43Z,7670-02-26 21:25:11Z
Enoch,Tate,7458-12-22 22:41:35Z,1020-12-26 09:15:21Z
Aiden,Owen,9874-03-30 06:24:55Z,0831-06-26 22:17:39Z
Charlotte,Saunders,5829-05-06 13:47:46Z,5677-11-12 22:22:08Z
Cedrick,Hope,2101-10-04 13:45:24Z,5565-07-17 21:21:50Z
Rebecca,Allwood,5247-12-20 07:55:46Z,6839-09-03 21:08:30Z
Cynthia,Lambert,1630-08-19 09:53:48Z,5343-02-13 09:52:13Z
Harry,Cork,7773-06-27 15:38:31Z,5265-12-10 01:54:48Z
Bree,Holmes,0582-05-17 05:50:00Z,8838-03-11 00:14:36Z
Barry,Gaynor,0472-02-15 04:51:35Z,0223-06-05 11:28:36Z
Chloe,Lyon,7474-06-25 15:17:15Z,1574-09-25 20:12:41Z
Morgan,Anderson,1049-04-04 03:02:47Z,6504-12-04 08:37:35Z
Mina,Mullins,7302-05-13 11:45:54Z,5043-07-09 12:26:11Z
Brad,Welsch,3107-11-23 13:32:43Z,7264-06-17 03:01:53Z
Chelsea,Brown,9422-11-13 00:49:46Z,3718-07-02 02:49:01Z
Lexi,Camden,0173-02-13 03:31:19Z,6531-03-19 07:44:30Z
Michael,Allcott,7941-05-14 13:28:03Z,9240-06-17 05:35:40Z
Davina,Ring,7879-06-30 11:55:07Z,1326-01-08 09:36:10Z
Agnes,Notman,2935-10-10 09:01:24Z,0734-04-02 19:16:23Z
Bree,Kelly,1482-07-03 09:20:43Z,4478-01-13 20:13:19Z
Anabel,Bloom,2293-08-16 15:35:12Z,5206-03-12 20:08:20Z
Caleb,Davies,5006-08-05 04:27:38Z,8507-03-20 08:19:17Z
Roger,Warren,6397-12-28 01:34:23Z,6847-12-26 11:23:49Z
Mandy,Reid,0643-02-24 17:25:11Z,5528-01-22 21:08:02Z
Denny,Butler,6475-11-29 05:51:04Z,5970-10-27 12:52:01Z
Valerie,Harrison,5895-08-20 13:00:47Z,8358-03-17 09:43:29Z
Remy,Ellery,4364-06-11 10:02:27Z,2980-02-28 10:11:15Z
Sara,Sherwood,9922-01-29 19:41:19Z,0878-03-01 22:29:48Z
Michael,Mcleod,4747-07-08 03:24:22Z,7169-11-06 12:23:31Z
Madelyn,Lindsay,2112-06-21 17:49:36Z,2991-08-30 02:41:45Z
Peter,Griffiths,5973-07-22 16:17:28Z,7481-01-15 09:14:40Z
Sebastian,Bayliss,9616-12-04 06:36:04Z,5810-04-24 20:47:42Z
Leah,Greenwood,7810-08-11 01:51:41Z,7886-07-03 20:47:02Z
Gina,Shea,8773-12-17 09:07:52Z,9688-10-20 03:08:49Z
Jennifer,Jarvis,2495-07-17 11:12:31Z,7181-05-08 04:53:02Z
Bryon,Locke,8162-12-11 14:25:46Z,9594-07-16 11:26:37Z
Ethan,Davies,0843-12-20 19:29:10Z,6121-07-04 17:38:51Z
Erick,Redfern,5316-01-26 13:38:09Z,0706-02-26 16:53:58Z
Sofia,Lyon,0612-01-07 17:40:06Z,0095-04-08 14:40:12Z
Javier,Irving,1652-07-28 14:41:21Z,1060-11-05 09:14:10Z
Caleb,Malone,2847-11-17 01:45:36Z,8889-05-20 18:32:38Z
Leanne,Myatt,0232-12-15 02:47:03Z,6027-03-29 03:56:39Z
Owen,Phillips,3664-06-30 22:55:47Z,9645-04-22 06:38:48Z
Elijah,Cadman,7764-02-20 16:54:29Z,1205-11-18 18:08:32Z
Fred,Vallins,1420-08-15 12:52:17Z,5033-08-10 06:16:30Z
Liam,Booth,9183-05-20 02:48:47Z,9244-01-28 12:52:48Z
Megan,Harris,2468-10-24 08:52:33Z,4822-05-11 07:48:06Z
Jolene,Stevens,2244-11-16 09:02:30Z,4612-09-14 22:22:18Z
Bryon,Rehman,8580-10-03 14:05:40Z,1961-10-21 06:14:43Z
Camellia,Grady,8951-10-21 03:00:42Z,0212-04-01 21:27:23Z
Tom,Burge,6939-07-04 15:46:17Z,4632-05-16 12:30:30Z
Noah,Graves,3888-01-22 17:47:51Z,2861-07-21 01:33:22Z
Russel,Ramsey,3293-01-26 06:02:46Z,4401-06-16 01:54:53Z
Lara,Scott,1642-04-03 21:17:23Z,7329-06-07 16:43:12Z
Ryan,Dale,5064-09-29 09:11:49Z,7350-09-10 20:52:01Z
Aiden,Bradshaw,3647-06-07 09:43:29Z,0231-12-02 11:35:35Z
Marjorie,Irving,2246-10-22 18:29:28Z,5532-02-15 07:49:09Z
Bree,Emmett,8228-04-29 19:50:55Z,7050-10-06 04:01:52Z
Cedrick,Miller,7994-10-27 12:33:52Z,7098-07-07 05:07:35Z
Deborah,Briggs,2818-12-10 13:40:21Z,1819-07-29 12:02:50Z
Rose,Flanders,5419-02-09 12:52:32Z,3181-02-26 07:34:42Z
Martin,Hogg,4251-12-26 05:55:34Z,8433-08-10 02:42:32Z
Rocco,Salt,5410-05-22 05:09:34Z,5232-03-10 14:57:01Z
Monica,Lane,2576-09-18 00:39:19Z,3918-05-12 20:32:52Z
Tyson,Mooney,8566-12-15 08:44:45Z,3385-12-18 09:19:18Z
Mike,Ramsey,0009-09-21 06:43:57Z,7948-12-18 15:35:41Z
Denny,Potter,1676-04-08 05:15:15Z,4516-04-01 04:09:39Z
Taylor,Barrett,6843-06-06 20:24:47Z,1847-03-25 05:38:42Z
Chris,Howard,2567-12-30 17:55:21Z,5969-05-25 05:55:11Z
Ally,Brooks,6891-09-07 03:28:30Z,8869-09-17 04:09:37Z
Nina,Russell,3166-04-17 08:18:09Z,6102-09-27 09:56:57Z
Hayden,Gallacher,9108-04-11 10:19:53Z,8546-11-08 22:12:28Z
Penny,Lowe,9951-09-29 17:55:17Z,2977-07-06 00:28:04Z
Penelope,Franks,9401-09-14 08:36:11Z,9866-08-28 18:58:12Z
Valerie,Robertson,7783-05-30 15:08:36Z,0323-11-12 05:55:08Z
Angelique,Redden,3214-07-20 13:22:51Z,3126-03-24 09:28:52Z
Abdul,Tate,9706-07-29 01:41:41Z,8680-03-12 03:13:16Z
Marvin,Bell,2169-05-02 02:46:40Z,2654-08-26 18:31:55Z
Gil,Horton,6188-02-26 17:14:19Z,6741-06-07 09:30:18Z
Marissa,Connor,8076-11-01 13:26:53Z,1643-09-01 01:42:51Z
Irene,Becker,1046-03-21 11:35:11Z,0472-07-28 13:55:56Z
Chanelle,Thomas,3519-06-03 06:27:22Z,1939-10-07 17:41:56Z
Danny,White,4092-06-29 11:19:45Z,1011-12-27 16:47:03Z
Daphne,Fenton,5142-12-10 06:37:08Z,6269-11-09 18:33:20Z
Lauren,Hudson,4558-06-02 06:58:31Z,9703-11-26 07:00:53Z
Maxwell,Shelton,6953-09-20 00:15:24Z,9460-08-03 20:07:53Z
Bob,Cavanagh,8376-06-24 00:48:14Z,5669-11-26 21:08:35Z
Maggie,Spencer,9534-01-29 05:20:13Z,1308-02-01 09:47:08Z
Doug,Robinson,8189-03-20 05:21:42Z,6809-04-08 21:25:26Z
Elijah,Antcliff,6181-12-08 05:09:17Z,4034-12-30 08:51:18Z
Vanessa,Sawyer,7419-08-23 18:53:10Z,8153-07-03 10:19:44Z
Benny,Morrow,0188-04-05 18:26:31Z,8860-08-19 00:41:09Z
Abdul,Stevens,3353-02-20 22:11:55Z,7273-01-31 00:55:49Z
Matthew,Collins,0770-07-30 10:26:31Z,8655-10-07 10:06:41Z
Martin,Carter,5994-09-04 10:41:44Z,5174-05-12 08:09:08Z
Rosalyn,Reynolds,4067-07-03 18:42:14Z,0881-06-02 09:23:53Z
Alex,Griffiths,9417-09-07 07:58:58Z,0205-11-15 12:34:26Z
Carl,Andrews,7358-06-18 11:28:10Z,2099-09-22 15:45:40Z
Katelyn,Martin,6703-01-28 14:43:17Z,7775-05-06 00:42:46Z
Harvey,Connell,6576-12-28 03:41:45Z,4969-06-28 18:34:41Z
Bryon,Button,6709-01-15 07:13:03Z,8781-09-10 17:36:13Z
Angelica,Torres,2715-08-13 15:15:41Z,2430-07-12 11:51:39Z
Ciara,Drake,0782-06-22 08:45:24Z,7130-03-28 19:11:58Z
Tom,Vallory,9994-01-12 07:29:13Z,8993-08-26 06:05:33Z
Rosemary,Ianson,3862-05-19 10:26:03Z,2539-12-19 07:41:01Z
Lynn,Stanton,5927-07-28 21:26:37Z,1652-06-16 20:25:13Z
Oliver,James,2721-07-31 07:44:28Z,3436-11-15 05:45:05Z
Bart,Vollans,6920-02-03 21:19:21Z,4591-04-10 12:28:56Z
Lindsay,Rogan,4067-06-19 09:02:34Z,7342-03-12 08:39:19Z
Mason,Paterson,1141-10-21 02:40:34Z,9103-02-03 01:54:55Z
Elle,Vane,9007-06-24 22:07:16Z,7061-03-09 08:55:15Z
Cadence,Ellwood,8654-02-10 21:42:52Z,6094-09-05 19:06:45Z
Nina,Eagle,5779-04-16 19:38:46Z,5488-03-08 10:32:01Z
Eduardo,Addley,5059-12-28 09:54:18Z,0282-01-04 00:42:03Z
Grace,Kelly,2487-09-09 03:57:40Z,3009-05-30 05:48:10Z
Willow,Moreno,3229-03-09 03:28:28Z,1574-01-02 20:22:14Z
Joseph,Quinnell,3595-02-15 11:47:33Z,5813-09-02 19:22:41Z
Luke,Cassidy,3292-08-07 15:39:05Z,2479-10-10 05:43:50Z
Callie,Mould,1831-10-21 05:25:48Z,8708-01-04 03:19:48Z
Wade,Harrison,8892-07-24 15:09:07Z,7195-09-28 09:25:27Z
Hank,Summers,9936-08-02 11:47:23Z,9094-03-24 15:38:22Z
Taylor,Nobbs,1764-04-28 05:21:43Z,7105-08-30 15:03:51Z
Hank,Healy,4400-01-14 00:30:57Z,5284-01-12 19:18:22Z
Javier,Thornton,1895-03-20 17:37:25Z,9613-10-11 10:40:25Z
Harvey,Brett,7129-03-30 09:46:22Z,0091-01-29 16:22:35Z
Kieth,Bowen,5537-07-21 11:17:25Z,3811-03-14 19:19:00Z
Elisabeth,Whinter,9869-02-09 11:43:18Z,7491-11-19 04:21:26Z
Paige,Collingwood,7270-10-16 13:42:34Z,5193-12-15 02:54:46Z
Gwenyth,Cadman,6357-08-30 05:19:00Z,5803-08-02 14:20:25Z
Destiny,Brennan,7260-02-18 20:03:03Z,2599-03-13 11:01:09Z
Benjamin,Jacobs,8266-10-05 20:34:49Z,8617-03-30 16:23:12Z
Aurelia,Lowe,3512-06-13 06:23:18Z,1689-04-19 13:00:00Z
Erick,Griffiths,0011-08-30 16:38:31Z,2595-10-05 14:53:37Z
Luna,Ross,8090-11-25 07:44:09Z,7186-05-05 21:56:12Z
Rowan,Price,3748-09-07 13:38:44Z,0910-11-24 21:00:08Z
Rocco,Buckley,8256-02-06 04:54:18Z,6022-06-25 02:29:34Z
Michael,Bailey,5421-07-19 21:37:08Z,4502-12-17 14:03:47Z
Ciara,Gibson,6262-12-22 02:00:45Z,1685-11-12 15:52:28Z
Fred,Mcguire,9834-10-20 03:49:50Z,1164-11-10 18:26:36Z
Tom,Young,8327-02-21 15:00:35Z,6407-12-08 06:56:20Z
Rufus,Vass,1994-02-15 01:54:31Z,4337-08-14 09:35:06Z
Elly,Freeburn,5586-09-29 18:47:16Z,3339-02-07 18:35:10Z
Chadwick,Warren,7935-11-01 10:58:10Z,5277-12-05 09:55:08Z
Dorothy,Brooks,7841-09-04 02:54:19Z,6827-03-29 09:50:29Z
Sage,Saunders,2741-05-26 19:12:19Z,3069-11-01 10:21:09Z
Marvin,Nayler,4058-04-17 13:54:21Z,9059-09-09 00:39:57Z
Liliana,Rogers,7745-01-24 16:51:56Z,6511-11-11 09:43:40Z
Megan,Tyrrell,5195-06-09 14:45:50Z,2209-02-05 21:33:57Z
Ally,Shields,3784-05-20 11:58:57Z,7767-07-21 08:11:31Z
Cassidy,Gibson,4996-05-01 03:20:22Z,6557-12-21 00:36:28Z
Piper,Middleton,8862-11-08 22:09:30Z,6851-08-05 01:05:58Z
Michael,Oatway,3961-09-06 04:51:57Z,8744-04-23 01:32:08Z
Samantha,Rogers,0200-02-07 10:25:28Z,5651-02-14 20:55:29Z
Marilyn,Jones,4921-07-13 12:49:27Z,0916-12-17 06:05:31Z
Chuck,Ingham,1035-08-28 22:27:23Z,7813-08-31 22:04:19Z
Alexia,Tyler,8663-10-03 11:43:02Z,1201-06-21 04:09:28Z
Nathan,Andersson,9040-02-25 15:02:30Z,7828-05-08 17:26:35Z
Angelina,Bennett,9164-06-13 11:56:04Z,7837-06-17 21:50:10Z
Chuck,Lloyd,6257-10-10 00:05:25Z,9715-06-28 02:55:03Z
Maribel,Adams,1995-07-04 07:24:52Z,9985-04-24 05:36:42Z
Jack,Gallacher,9499-04-21 00:46:56Z,3364-01-04 06:17:18Z
Lucas,Collins,2783-05-18 14:56:04Z,8112-11-10 14:30:32Z
Marilyn,Richardson,7169-12-12 04:31:11Z,7852-02-23 15:14:26Z
Kaylee,Davies,6758-06-21 22:18:27Z,6352-06-24 19:37:43Z
Macy,Beal,9212-02-16 15:27:47Z,1873-06-15 14:05:09Z
Monica,Davies,2330-05-12 19:14:45Z,5511-11-13 13:02:50Z
Candace,Collis,6024-11-26 15:37:36Z,1761-05-19 17:52:47Z
Chuck,Gregory,7957-10-26 11:04:22Z,5979-09-11 01:08:17Z
Brad,Walsh,4429-02-09 02:04:41Z,0841-08-13 06:34:52Z
Nicholas,Eddison,3188-03-23 22:48:11Z,0113-01-27 19:12:21Z
Sloane,Wilde,4372-07-17 07:09:22Z,9532-03-03 12:53:33Z
Oliver,Collis,1596-10-17 12:33:53Z,0920-10-06 11:17:53Z
Mason,Jarvis,4770-08-05 12:15:11Z,5867-08-15 05:55:54Z
Maggie,Yoman,0057-07-27 18:53:19Z,1309-06-13 17:40:19Z
Olivia,Osmond,1592-06-06 10:14:16Z,9192-04-22 07:54:26Z
Goldie,Swan,9601-12-12 18:53:10Z,3665-07-19 06:57:37Z
Vivian,Holmes,1540-03-24 17:38:34Z,9611-04-26 17:35:34Z
Anthony,Chapman,3179-03-02 01:00:54Z,6675-04-24 20:00:28Z
Bryon,Yarlett,0455-08-15 22:00:08Z,7643-11-24 10:42:41Z
Henry,Stark,0053-03-16 16:34:40Z,9580-12-28 13:18:51Z
Julius,Lynn,6423-10-14 16:52:14Z,6990-03-28 09:56:08Z
Daron,Vollans,1085-08-09 17:37:25Z,1968-06-03 07:52:51Z
Isabella,Ellis,3126-12-18 08:24:13Z,7094-04-27 06:40:36Z
Caitlyn,Irving,4031-11-02 06:07:52Z,0654-08-30 00:44:32Z
Enoch,Ramsey,8967-08-07 22:56:14Z,7613-07-27 06:25:58Z
Erick,Farrow,3297-10-28 08:27:01Z,9895-12-01 02:15:31Z
Owen,Brennan,7053-10-08 10:30:32Z,1314-10-06 06:07:19Z
Savannah,Cowan,4159-05-12 09:27:58Z,9480-10-01 00:15:37Z
Ema,Young,0735-01-05 20:38:51Z,0758-09-29 20:29:01Z
Sage,Hogg,1914-10-31 11:25:41Z,6299-10-23 00:18:38Z
Danny,Young,9138-06-19 22:00:02Z,0416-03-02 02:58:53Z
Morgan,Oakley,6319-10-06 12:50:39Z,0557-01-07 08:36:18Z
Chuck,Smith,2245-07-14 20:02:16Z,3181-12-11 00:56:57Z
Marvin,Robe,1596-07-19 21:38:49Z,0343-07-31 18:29:07Z
Anais,Button,5595-01-26 21:33:01Z,5743-10-16 14:40:20Z
Julian,Turner,6893-12-05 01:56:44Z,7234-03-22 02:02:54Z
Esmeralda,Oakley,4724-03-19 14:12:49Z,0214-06-12 12:07:11Z
Phillip,Vaughan,6650-06-19 22:27:15Z,7438-02-25 08:15:37Z
Makena,Lane,4702-08-14 20:40:05Z,3109-05-10 16:26:11Z
Mason,Ward,0871-11-09 07:21:11Z,5530-05-08 01:33:09Z
Rhea,Thomson,0244-06-20 02:29:29Z,9796-01-25 16:45:17Z
Lexi,Kirby,0022-08-07 17:30:44Z,7105-02-02 19:39:58Z
Ramon,Fox,5779-08-10 15:05:03Z,1908-10-22 06:41:27Z
Jennifer,Ingram,4459-02-23 18:11:34Z,3313-04-14 22:39:53Z
Tyson,Whatson,0850-04-05 12:50:26Z,8425-04-04 05:52:09Z
Maddison,Adams,4464-11-10 09:23:25Z,7888-04-05 09:04:48Z
Noah,Page ,5563-06-14 22:18:09Z,3792-10-20 19:58:05Z
Gemma,Benfield,4930-05-08 02:14:36Z,3483-07-20 01:48:18Z
Sebastian,Garner,9994-04-15 08:46:09Z,5425-01-08 13:35:04Z
Caleb,Norton,5286-10-22 13:31:16Z,4633-06-16 09:53:04Z
Meredith,Khan,9534-07-07 07:08:48Z,4405-09-18 08:15:29Z
Phillip,Weldon,5569-03-01 13:31:00Z,8367-10-13 06:22:00Z
Estrella,Reynolds,9643-07-16 11:42:19Z,8850-02-02 14:54:14Z
Danny,Bennett,0460-10-10 00:38:20Z,1020-04-23 04:20:34Z
Hayden,Thomas,9717-08-24 00:00:16Z,6265-09-04 02:30:03Z
Rufus,Brown,9890-12-22 19:25:28Z,5555-08-17 17:19:15Z
Greta,Phillips,5109-05-22 12:52:39Z,7348-06-22 02:02:25Z
Abbey,Skinner,9925-11-22 11:42:03Z,2585-06-01 11:23:10Z
Elijah,Townend,0569-10-20 04:12:50Z,5464-09-06 10:00:18Z
Daniel,Hall,4609-04-06 10:07:36Z,8917-03-14 00:28:37Z
Bryon,Huggins,9965-01-30 07:41:24Z,2971-03-17 05:55:05Z
Dakota,Lindsay,4540-08-02 08:39:47Z,1884-10-16 15:01:07Z
Leroy,Spencer,5317-08-19 01:35:25Z,3668-03-19 10:54:32Z
Maria,Sinclair,0604-09-20 20:29:25Z,2494-06-22 04:04:12Z
Gwen,Allen,0069-09-03 02:26:48Z,7033-05-29 08:26:30Z
Aurelia,Wade,4648-06-14 06:06:57Z,9302-12-28 17:00:32Z
Candace,Andersson,3936-11-14 11:09:21Z,9390-04-25 10:55:53Z
Rhea,Lunt,5248-12-15 22:08:36Z,6634-10-22 02:27:01Z
Hailey,Gordon,5956-04-07 13:23:26Z,3191-06-26 10:04:39Z
Dani,Evans,6132-10-21 13:17:26Z,7643-02-02 21:30:35Z
Ronald,Duvall,9399-06-30 07:57:21Z,2669-03-09 15:31:30Z
Leilani,Vaughn,7980-08-08 20:45:53Z,6199-11-01 22:51:13Z
Mavis,Gilmore,9116-02-26 08:49:09Z,8991-09-18 03:56:24Z
Hayden,Overson,6556-10-08 05:24:05Z,0523-04-20 18:31:09Z
Alan,Nash,8152-03-14 16:31:32Z,1444-04-04 22:37:22Z
Sonya,Oliver,0284-05-05 22:07:11Z,3677-06-20 11:33:05Z
Jayden,Gosling,1424-11-01 14:20:47Z,5677-07-14 04:19:04Z
Kaylee,Gallacher,0964-12-13 14:18:36Z,7548-06-17 04:18:02Z
Diane,Haines,6273-06-05 06:16:53Z,6845-10-30 06:56:03Z
Adalie,Wilson,6728-05-15 01:10:44Z,5766-09-21 17:18:18Z
Adelaide,Dallas,9319-05-24 07:48:34Z,6129-01-04 07:15:02Z
Julian,Jefferson,5151-05-29 08:03:53Z,8831-09-14 20:21:00Z
Naomi,Wild,4236-08-01 13:07:50Z,1782-09-26 09:00:43Z
Hayden,Whinter,6954-01-13 22:27:19Z,0717-10-28 22:41:01Z
Barry,Stevens,1577-12-18 16:06:50Z,6935-01-08 20:56:17Z
David,Mccall,5083-10-24 16:40:42Z,4347-04-11 20:15:18Z
Hayden,King,8197-05-15 09:34:33Z,8114-11-18 21:38:58Z
Sylvia,Walton,2659-08-15 20:01:00Z,4847-09-19 11:03:25Z
Beatrice,Upsdell,1871-03-23 05:46:36Z,6370-07-20 01:26:41Z
Nate,Rowan,3380-08-03 07:31:16Z,8820-02-20 22:17:18Z
Julian,Mullins,2425-03-11 19:39:41Z,9499-07-23 09:11:52Z
David,Chappell,6327-02-24 03:47:56Z,1745-05-02 19:11:16Z
Ember,Sawyer,9279-01-10 13:29:43Z,6027-07-30 12:44:06Z
William,Sinclair,9446-01-12 08:07:53Z,6870-12-27 15:14:48Z
Megan,Allen,7053-06-10 03:42:18Z,7075-10-21 02:05:02Z
Tess,Walsh,3146-03-01 06:10:56Z,3472-12-24 19:26:45Z
Miley,Jones,6881-02-11 18:39:03Z,4874-05-06 04:56:27Z
Bryce,Mcleod,2226-08-03 09:45:24Z,8951-10-09 09:39:04Z
Dalia,Crawley,6300-11-14 02:56:55Z,3399-01-03 18:47:02Z
Marilyn,Lee,0173-04-29 08:03:15Z,2202-06-18 21:08:34Z
Daniel,Harvey,0920-07-29 19:23:31Z,4521-03-17 10:45:41Z
Matthew,Jeffery,0581-03-31 15:41:06Z,1476-05-03 08:08:24Z
Benjamin,Neville,2054-04-06 01:41:09Z,6750-04-25 10:31:28Z
Luke,James,5381-04-17 05:32:23Z,8877-10-18 08:01:20Z
Luke,Cooper,9592-01-29 15:20:08Z,0727-02-15 13:58:09Z
Josephine,Lindsay,8866-04-24 18:41:22Z,7770-11-23 22:14:12Z
Ada,Graves,5199-12-14 10:09:41Z,2598-07-15 22:06:04Z
Rebecca,Dubois,2462-03-08 09:21:00Z,6024-03-10 20:31:18Z
Tony,Yoman,6514-12-25 10:50:01Z,1107-11-28 09:46:07Z
Miley,Rehman,4393-02-15 04:11:26Z,8128-08-02 14:51:05Z
Gil,Wright,6405-02-16 09:20:21Z,1747-09-15 02:41:53Z
Maxwell,Simpson,8684-12-20 00:17:40Z,1491-08-20 13:19:56Z
Tony,Jacobs,8069-01-20 04:09:33Z,7895-08-09 06:39:13Z
Gil,Milner,0110-11-08 00:30:39Z,9360-03-13 07:04:13Z
Josh,Vollans,5708-02-27 04:52:44Z,6637-12-15 00:32:08Z
Carter,Dunbar,8336-01-27 04:10:46Z,3852-02-07 19:02:39Z
Tony,Booth,8575-02-12 22:46:01Z,2131-06-08 05:14:43Z
Harmony,Tailor,2361-11-26 22:15:47Z,1258-08-26 05:06:04Z
Sofie,Gallacher,1774-10-12 19:19:51Z,5509-02-05 11:02:32Z
Angelina,Murray,7133-01-14 05:06:43Z,4507-07-10 18:18:24Z
Ron,King,5975-03-04 05:54:58Z,2594-06-14 13:54:35Z
Kieth,Murray,6801-05-04 03:27:08Z,6622-05-03 17:11:10Z
Clint,Uttley,5228-11-11 17:08:03Z,6751-02-17 10:47:39Z
Juliette,Flynn,5799-08-11 13:24:52Z,2915-08-25 20:06:56Z
Raquel,Walsh,0332-09-13 01:38:34Z,7885-03-08 00:06:13Z
Javier,Wade,0747-04-23 10:45:54Z,5843-04-28 03:07:54Z
Bob,Jones,1002-09-24 12:02:15Z,3707-09-10 20:05:13Z
Joseph,Campbell,4897-03-01 15:29:27Z,8865-12-11 09:41:26Z
Emery,Davies,5053-04-21 03:37:56Z,7072-04-28 16:58:01Z
Wade,Lakey,9329-12-20 12:35:19Z,4178-06-29 02:00:58Z
Lorraine,Santos,5850-02-21 18:15:26Z,6977-05-17 16:25:28Z
Analise,Knight,5949-06-05 09:24:17Z,6635-05-15 03:06:12Z
Bob,Zaoui,5567-03-13 02:52:08Z,4688-06-14 07:40:26Z
Karen,Reese,9203-03-01 07:21:30Z,0095-12-12 00:33:32Z
Kieth,Archer,3381-07-18 03:11:01Z,7543-02-16 21:53:46Z
Kimberly,Farrell,0283-12-12 15:21:17Z,2289-12-03 09:43:01Z
Jaylene,Cassidy,6746-04-07 01:02:46Z,6540-06-02 03:31:38Z
Luna,Walsh,2186-08-25 22:41:07Z,7145-04-30 08:45:39Z
Bart,Ainsworth,8920-03-20 15:00:12Z,7806-01-10 13:48:31Z
Carol,Wilkinson,6635-04-14 01:09:14Z,1003-09-16 18:22:07Z
Carmen,Wilson,8097-04-18 15:39:10Z,5144-08-05 01:57:20Z
John,Connor,7826-01-17 09:02:33Z,8734-05-24 13:42:07Z
Hayden,Purvis,5551-05-15 20:32:51Z,6142-08-16 13:23:32Z
Samantha,Henderson,0823-12-03 22:19:02Z,2662-06-08 12:50:10Z
Domenic,Vangness,8809-03-27 15:06:39Z,2269-04-24 05:38:58Z
Russel,Rycroft,2546-12-06 18:06:17Z,9001-12-21 10:33:47Z
Gemma,Lindop,7003-02-16 09:41:31Z,6072-12-16 00:51:56Z
Nick,Phillips,6742-02-17 04:25:12Z,3874-04-24 07:43:32Z
Brad,Horton,8276-12-27 04:13:43Z,3660-06-17 01:16:22Z
Alexander,Ballard,1807-02-10 06:24:08Z,6196-05-07 04:46:02Z
Ramon,Watson,5804-10-19 13:40:05Z,5128-08-29 03:49:14Z
Mark,Fulton,8726-02-20 05:28:47Z,2413-07-02 21:34:33Z
Adina,Darcy,4936-01-09 21:00:04Z,7677-12-17 03:55:30Z
John,Foxley,2473-03-10 13:31:37Z,8531-10-21 21:26:07Z
Bob,Allcott,3080-12-21 00:55:19Z,3783-11-07 06:12:27Z
Summer,Bradley,0869-10-11 15:39:01Z,7450-09-12 00:52:43Z
Gabriel,Knight,6253-12-12 15:55:09Z,3881-09-11 00:08:26Z
Dasha,Nielson,1856-01-20 21:04:43Z,3895-02-10 19:43:02Z
Bethany,Edwards,1604-05-31 21:51:36Z,1082-02-09 21:33:23Z
Clint,Morrison,6827-01-09 08:58:10Z,9902-02-27 06:04:01Z
Quinn,Rossi,9013-09-23 17:35:16Z,3556-08-02 03:08:40Z
Cecilia,Mcnally,4650-07-15 17:04:31Z,2800-08-02 01:33:02Z
Ruth,Shelton,5029-01-10 12:04:32Z,3992-12-15 13:39:01Z
Anabelle,Eddison,2590-09-08 04:15:19Z,7525-07-11 18:24:42Z
Lucas,Pond,2177-06-28 14:54:37Z,7102-07-28 04:29:57Z
Johnathan,Robinson,3985-09-14 04:30:43Z,9563-08-18 12:28:38Z
Elise,Long,2060-11-05 13:47:12Z,5275-01-23 06:09:19Z
Ethan,Bullock,2852-07-14 21:09:54Z,6890-05-21 08:10:02Z
Tom,Burge,8604-12-26 22:44:35Z,7961-11-23 05:55:03Z
Brooklyn,Jarvis,0117-08-23 01:06:25Z,1828-07-04 21:19:38Z
Clint,Jenkin,1134-03-03 05:21:47Z,2674-03-30 03:17:36Z
Amelia,Cattell,3455-11-12 13:03:35Z,7313-03-03 00:12:16Z
Sebastian,Addis,2735-11-23 20:02:28Z,5062-11-18 10:49:23Z
Hazel,Gallacher,7471-10-26 17:22:46Z,5288-08-25 01:37:25Z
Lucas,Michael,6661-10-11 10:03:48Z,4515-05-04 21:06:21Z
Monica,Ogilvy,8398-04-10 08:19:18Z,7611-05-12 16:26:12Z
Margot,Knight,5984-01-18 19:39:47Z,2025-07-08 21:33:49Z
Denis,Gallacher,6074-02-11 09:57:39Z,0548-07-18 11:42:01Z
Rylee,Hope,9073-07-18 08:03:28Z,7677-04-16 07:11:13Z
Daron,Robinson,0678-09-25 14:23:00Z,2490-10-26 22:31:31Z
Mona,Stewart,2325-02-28 21:21:38Z,7063-10-26 04:42:11Z
Adalie,Swift,6910-07-03 10:35:19Z,4348-03-24 14:22:36Z
Kaylee,Bullock,5396-05-19 18:33:38Z,8057-09-21 12:10:28Z
Julian,Sherry,6749-05-21 10:41:48Z,0614-06-24 02:27:01Z
Summer,Gibson,3768-03-25 04:47:40Z,8142-08-05 07:09:54Z
Jackeline,Zaoui,6928-10-10 03:46:00Z,9006-02-03 15:32:41Z
Barry,Amstead,0162-02-12 00:52:30Z,3734-10-01 11:54:34Z
Ethan,Ring,1629-02-25 13:45:57Z,9915-02-17 04:01:33Z
Susan,Miller,9820-08-10 06:54:48Z,1608-05-21 10:54:19Z
Marvin,Egerton,3607-02-11 04:53:09Z,4408-11-05 19:13:20Z
Fred,Sherry,5300-08-16 12:01:01Z,9090-12-17 10:30:07Z
Lara,Gray,0341-07-05 16:57:40Z,2127-05-14 00:00:14Z
William,Mackenzie,8022-01-14 09:50:47Z,5507-04-15 08:47:13Z
Britney,Marshall,4520-12-25 17:52:46Z,2517-06-04 00:23:11Z
Cristal,Weasley,3266-08-09 10:54:27Z,2282-06-25 19:13:05Z
Ron,Greenwood,7278-08-02 02:09:12Z,3584-09-04 02:42:53Z
Sasha,Abbot,5820-07-11 21:05:52Z,9609-12-09 22:35:02Z
Jayden,Palmer,4756-06-07 21:55:19Z,3225-10-21 11:33:07Z
Russel,Doherty,7242-05-25 14:43:34Z,8932-09-30 21:40:17Z
Melinda,Wellington,7446-01-30 12:49:33Z,2672-07-16 19:36:02Z
Tania,Yard,2523-02-26 03:12:51Z,0359-11-16 13:08:45Z
Norah,Miller,8578-02-15 06:20:18Z,0678-03-12 00:54:44Z
Kurt,Dempsey,7310-05-09 09:06:45Z,0554-04-07 15:56:04Z
Gil,Clifton,4720-03-31 11:30:41Z,8573-11-16 08:31:30Z
Julius,Rose,8867-12-15 05:28:14Z,1995-05-08 18:40:17Z
Trisha,Phillips,5212-10-19 17:06:06Z,9805-08-10 20:11:40Z
Joseph,Plant,3858-11-18 18:49:36Z,2104-04-26 15:22:14Z
David,Briggs,8442-05-24 04:36:30Z,8558-12-01 19:15:46Z
Sadie,Gibson,9507-06-12 17:23:34Z,8768-04-08 10:20:48Z
Brooklyn,John,5010-01-28 09:38:37Z,9891-01-11 03:17:02Z
Chris,Crawford,6770-05-29 12:29:35Z,1247-09-09 01:54:53Z
Mark,Abbot,4351-06-10 01:25:02Z,3336-01-18 04:02:24Z
Natalie,Aldridge,3433-04-28 17:57:52Z,8667-11-20 16:57:43Z
Eileen,Donovan,2738-01-15 04:53:57Z,7521-07-31 09:25:54Z
Martin,Griffiths,0659-08-22 07:12:34Z,6555-12-26 21:15:37Z
Dani,Freeburn,3338-01-31 18:30:42Z,2579-10-21 08:56:09Z
Jaylene,James,1614-05-26 20:31:04Z,5814-06-20 18:35:29Z
Michael,Wade,2774-09-07 09:45:17Z,2112-11-25 17:41:06Z
Mason,Weldon,9399-12-14 09:22:14Z,4942-10-11 01:28:44Z
Jaylene,Rust,9045-03-28 10:39:30Z,0742-07-10 02:38:07Z
Abdul,Palmer,0564-05-26 08:44:25Z,0467-11-26 13:14:02Z
Esmeralda,Tutton,2214-06-12 11:09:48Z,0872-09-08 17:07:43Z
Alexa,Roberts,3729-06-12 22:05:46Z,1371-05-20 15:02:58Z
Emmanuelle,Craig,8836-07-20 00:36:48Z,4475-11-16 10:13:42Z
Marla,Rogan,6831-10-17 22:30:40Z,9869-10-30 07:31:22Z
Luna,Morris,6834-12-15 08:38:37Z,9096-07-08 20:11:03Z
Cristal,Vallory,3377-11-21 10:31:00Z,6396-10-24 06:52:01Z
Gemma,Faulkner,6897-08-25 00:34:06Z,1501-07-22 07:30:35Z
Denny,Connor,2002-08-06 15:57:11Z,5379-05-10 13:01:38Z
Noah,Goodman,3454-11-26 11:57:40Z,3474-01-06 01:37:21Z
Aleksandra,Scott,9937-04-22 08:03:31Z,7595-12-20 13:40:27Z
Lorraine,Vallins,1376-04-18 18:32:48Z,1018-06-18 16:50:21Z
Selena,Stuart,3443-10-01 11:35:25Z,8027-07-15 06:52:13Z
Chadwick,Glynn,2065-04-16 06:53:38Z,7783-05-21 22:20:11Z
Rufus,Drew,2079-08-10 16:24:50Z,2456-07-22 07:45:58Z
Bryon,Reynolds,6494-07-23 20:26:05Z,9568-06-07 07:47:13Z
William,Mann,9311-01-02 11:38:09Z,3235-01-27 16:30:10Z
Marvin,Richardson,1365-02-20 17:11:33Z,5571-12-25 21:06:13Z
William,Archer,5570-09-24 08:26:33Z,8214-12-15 15:32:56Z
Peter,Flanders,2768-08-09 04:45:41Z,9221-06-25 13:15:48Z
Hadley,Campbell,5130-06-04 03:15:31Z,3997-06-15 09:40:58Z
Angela,Williams,3741-04-11 03:11:35Z,5020-02-14 01:56:12Z
Carmella,West,8596-07-14 12:24:51Z,6350-07-01 07:49:24Z
Melanie,Wilcox,0441-04-22 05:10:01Z,4218-07-03 06:50:56Z
Peter,Eaton,9027-04-30 01:34:06Z,4202-05-13 12:18:35Z
Kassandra,Cameron,6533-11-20 13:50:39Z,7646-12-15 01:50:33Z
Javier,Rainford,3300-12-20 20:00:33Z,0802-08-15 18:05:14Z
Maxwell,Utterson,9569-03-17 10:49:44Z,2149-02-18 18:31:48Z
Dani,Coates,3907-06-04 14:19:21Z,6571-07-18 04:00:22Z
Nicholas,Ranks,5727-05-11 03:33:32Z,3400-09-29 16:12:20Z
Bryon,Norburn,6964-09-04 02:00:53Z,5498-10-27 06:18:44Z
Juliet,Wild,9393-07-19 06:39:11Z,4231-01-28 14:05:50Z
Liam,Collins,3842-11-08 07:15:12Z,8748-05-23 01:18:27Z
Chuck,Bingham,6942-09-28 11:18:27Z,1073-09-22 20:40:37Z
Julianna,Kent,6333-10-22 20:52:20Z,9169-09-02 02:07:28Z
Russel,Clayton,3122-10-30 18:44:40Z,6750-06-06 05:00:16Z
Josh,Farrow,2451-10-23 18:21:43Z,3158-05-08 16:23:13Z
Chelsea,Rogan,7509-01-17 10:22:51Z,9578-09-21 22:11:58Z
Clint,Yarwood,3820-11-30 15:33:45Z,4323-04-19 15:40:20Z
Ryan,Andrews,3882-12-31 01:31:36Z,6012-04-27 09:42:14Z
William,Lucas,5613-10-12 08:21:48Z,7171-09-16 06:48:17Z
Chadwick,Torres,8630-11-23 02:46:56Z,8835-01-20 00:42:51Z
Judith,Haines,3627-01-18 08:49:15Z,3567-05-27 12:27:43Z
Audrey,Webster,8207-02-19 07:11:56Z,7151-08-03 09:51:03Z
Dorothy,Bryson,5252-02-07 22:43:38Z,7177-04-08 08:00:21Z
Valerie,Lloyd,1987-09-26 00:31:33Z,3605-04-22 16:20:32Z
Vicky,Poulton,0424-10-05 17:35:00Z,1684-06-19 13:49:48Z
Benjamin,Hopkins,8374-12-11 08:06:35Z,6390-02-18 04:26:21Z
Katelyn,Chester,6220-05-26 07:39:23Z,3547-04-14 16:30:30Z
Jaylene,Cobb,4828-05-05 04:08:37Z,5493-10-19 17:09:32Z
Destiny,Donnelly,3612-10-15 14:24:56Z,7215-03-04 11:53:10Z
Rose,Shaw,4204-05-12 10:55:36Z,8137-03-08 20:19:17Z
Daron,Olson,3547-08-08 03:56:57Z,0897-05-01 10:16:47Z
Danny,Weasley,2608-08-11 15:14:25Z,6332-02-10 05:35:19Z
Danny,Neville,0624-12-25 17:12:01Z,7356-08-13 20:49:15Z
Jessica,Walker,0066-03-11 10:27:58Z,6318-11-03 01:36:21Z
Noah,Bayliss,1596-10-01 18:40:10Z,1806-01-29 15:42:57Z
Oliver,Veale,2923-08-15 09:44:55Z,3540-09-19 12:26:32Z
Hope,Simpson,2543-06-03 04:46:26Z,0014-04-09 03:57:56Z
Eve,Drake,9028-03-25 22:30:49Z,5551-07-17 05:06:17Z
Esmeralda,Fall,7142-07-29 01:41:02Z,2779-02-15 11:10:48Z
Julianna,Murphy,9053-05-01 13:53:43Z,1792-10-21 11:44:00Z
Erick,Weldon,3895-05-22 10:14:06Z,7989-03-06 07:20:15Z
Mike,Robinson,5400-11-06 03:04:24Z,7235-02-23 15:47:08Z
Bryon,Dobson,9974-11-25 08:35:05Z,3759-09-25 17:21:17Z
Manuel,Long,3248-03-08 14:26:54Z,4789-12-11 04:49:32Z
Mason,Alexander,3653-06-25 10:48:19Z,4557-08-29 19:55:50Z
Nick,Holmes,3920-06-27 01:37:00Z,4230-06-12 13:58:57Z
Eduardo,Horton,2153-08-30 11:36:28Z,2446-03-15 10:56:35Z
Caydence,Norman,6322-06-02 21:46:45Z,9202-01-27 20:24:25Z
Tania,Button,9327-09-13 12:48:54Z,0560-07-02 13:50:33Z
Boris,Lucas,1500-10-28 21:11:50Z,2112-06-17 08:57:14Z
Drew,Abbey,7598-01-25 02:49:14Z,5028-05-16 15:33:31Z
Michael,Emmott,2825-12-18 21:47:33Z,1886-09-14 19:06:01Z
Eduardo,Gordon,4822-08-06 00:34:54Z,7090-08-13 12:25:11Z
Harry,Carter,1730-08-19 10:57:39Z,5532-02-17 21:16:02Z
Macy,Gordon,8674-11-10 22:23:17Z,0226-10-04 11:50:13Z
Manuel,Nobbs,2776-06-22 02:15:19Z,7937-10-04 03:08:20Z
Anthony,Yard,1096-05-01 11:48:52Z,6354-07-29 21:49:58Z
Joseph,Preston,6147-09-27 01:11:36Z,6864-11-09 00:33:56Z
Jules,Howard,8954-02-27 07:42:20Z,7594-05-16 17:07:40Z
Analise,Turner,7579-07-12 10:33:24Z,3872-03-08 13:01:13Z
Penelope,Plant,6628-09-25 01:03:41Z,1073-11-25 02:34:22Z
Wade,Gilbert,2142-03-04 03:06:31Z,8760-03-15 03:42:17Z
Maya,Roman,8568-03-17 13:37:12Z,2993-09-04 10:32:42Z
Benjamin,Dixon,2326-06-06 06:39:38Z,6521-06-22 14:32:17Z
Ronald,Seymour,5438-05-11 06:27:51Z,5111-12-26 09:18:55Z
Ryan,Wood,8060-07-09 10:25:28Z,8080-03-21 15:02:39Z
Harry,Bradshaw,9815-09-30 20:26:52Z,2239-09-24 12:09:00Z
Caleb,Darcy,3130-11-09 06:09:20Z,7881-09-11 01:13:46Z
Tyler,Gilmour,4265-11-26 19:13:09Z,8441-04-01 22:30:37Z
Lucas,Cork,5622-08-11 09:01:58Z,2873-04-02 20:08:54Z
Robyn,Nicholls,4930-09-01 03:15:08Z,0199-07-12 14:47:51Z
Michael,Devonport,5550-11-04 01:12:42Z,3798-06-24 12:38:21Z
Britney,Stewart,7508-03-30 20:08:20Z,5009-06-12 04:05:50Z
Ronald,Camden,9335-03-28 15:57:00Z,8242-09-21 08:42:44Z
Hayden,Tobin,0072-10-08 08:47:15Z,9074-10-09 07:29:33Z
Candice,Overson,7422-06-04 06:06:46Z,5190-01-31 09:42:01Z
Maya,Richards,6215-08-10 08:14:42Z,5555-10-04 04:55:36Z
Jessica,Overson,7436-06-22 11:19:05Z,5934-09-03 20:35:17Z
Barney,Knight,1913-10-25 08:50:12Z,3053-08-21 21:00:43Z
Bryon,Tyrrell,3857-03-02 22:33:32Z,3520-01-07 02:32:55Z
Phillip,Walsh,9985-12-13 17:45:41Z,9255-05-31 12:06:42Z
Chad,Strong,4302-10-17 22:23:29Z,2503-02-13 06:55:51Z
Carter,Nelson,3580-04-23 11:45:32Z,2415-08-28 17:02:20Z
Jack,Roberts,1927-11-13 14:04:30Z,3798-03-23 08:52:01Z
Vicky,Asher,9554-05-17 22:10:02Z,1017-11-24 18:36:04Z
Jenna,Vaughan,6406-08-22 05:00:08Z,6840-10-03 18:04:21Z
Ronald,Weatcroft,2375-12-06 08:18:57Z,8704-11-23 21:03:50Z
William,Oswald,4025-12-08 12:35:29Z,1398-10-04 22:24:16Z
Carina,Chester,5521-03-23 08:04:21Z,6957-06-19 13:47:38Z
Kirsten,Walsh,7179-06-12 13:50:03Z,2313-01-02 19:33:13Z
Johnathan,Jarrett,2381-09-14 16:23:38Z,5442-12-31 18:39:05Z
Emery,Parsons,6854-09-14 00:14:36Z,1748-06-05 08:15:11Z
Rylee,Baker,6846-06-29 21:44:25Z,9085-10-03 02:50:02Z
Matt,Verdon,3140-07-09 14:39:42Z,1515-06-22 17:07:32Z
Ryan,Price,0325-09-28 13:35:26Z,0565-07-30 11:18:01Z
Bob,Wilson,5535-03-19 18:38:12Z,6357-03-30 16:48:02Z
Mark,James,3715-03-10 09:34:52Z,0233-12-17 14:07:37Z
Madelyn,Archer,6521-10-02 07:08:58Z,8521-03-06 14:32:01Z
Audrey,Dwyer,7605-04-23 19:00:30Z,5158-03-24 01:18:29Z
Anabel,Cork,6610-07-22 04:01:32Z,0332-08-15 19:10:22Z
Davina,Owen,9013-06-16 10:30:12Z,7836-01-24 01:15:01Z
Rocco,Skinner,6109-11-17 12:33:22Z,5075-09-25 13:47:08Z
Sloane,Parr,9911-03-15 03:07:25Z,8189-07-23 17:21:37Z
Cassidy,Farrow,8591-11-07 08:29:17Z,7322-02-28 22:02:28Z
Julianna,Andrews,0501-09-04 14:26:10Z,5256-11-19 06:22:14Z
Mason,Oakley,9102-04-05 07:23:45Z,9646-07-03 07:53:23Z
Emery,Yard,7518-01-11 04:04:04Z,7753-07-28 14:44:38Z
Alexander,Booth,9410-07-11 12:39:15Z,2933-09-04 11:57:22Z
Juliet,Murray,9489-08-04 01:06:30Z,7675-08-28 14:07:05Z
Chester,Little,2983-08-25 09:22:05Z,7503-04-25 15:36:34Z
Rocco,Foxley,9691-09-24 18:42:29Z,6713-10-30 19:54:00Z
Victoria,Kidd,8028-06-07 03:57:32Z,0078-11-30 22:36:33Z
Julius,Russell,6427-11-16 02:17:10Z,5430-05-13 18:21:46Z
William,Poole,9797-11-10 06:22:01Z,0962-10-31 18:12:04Z
Danny,Poole,4955-03-20 06:24:31Z,7425-05-26 16:58:01Z
Tony,Hill,3264-11-08 15:25:19Z,1284-06-18 00:33:12Z
Makena,Lindop,8230-07-28 19:34:31Z,9116-02-01 03:24:29Z
Aleksandra,Lynch,1473-08-29 18:52:38Z,8004-12-18 02:21:45Z
Cedrick,Gilmour,6534-01-02 13:56:40Z,9678-05-13 18:37:51Z
Jayden,Lindsay,6724-08-24 09:48:58Z,8309-04-25 12:34:30Z
Chester,Smith,1792-03-12 20:31:40Z,3279-07-02 20:12:25Z
Caleb,Adams,1697-07-25 06:36:50Z,9437-09-20 07:46:37Z
Tess,Campbell,4749-01-06 08:03:38Z,9695-08-25 12:46:14Z
Matthew,Archer,4742-10-24 15:24:00Z,6399-11-12 21:25:25Z
Abdul,Fox,5028-01-30 03:12:08Z,8871-08-05 04:47:52Z
Alessia,Glass,7043-03-08 12:28:01Z,3583-11-07 07:24:10Z
Enoch,Morley,6954-10-03 13:11:49Z,3038-11-09 09:20:11Z
Eduardo,Hope,9720-12-07 05:50:30Z,0825-01-21 07:58:21Z
Mark,Reid,7699-08-18 03:55:57Z,2817-01-05 13:00:14Z
Wendy,Todd,8073-04-28 12:00:17Z,5833-09-27 18:26:40Z
Clint,Dale,7322-03-31 07:36:30Z,2759-10-18 22:25:48Z
Claire,Reading,9255-02-15 10:14:50Z,0222-11-04 19:20:56Z
Adalie,Kerr,1648-08-11 15:50:12Z,4991-04-26 12:32:39Z
Enoch,Huggins,0378-05-21 19:19:27Z,0058-03-22 13:33:24Z
Vera,Howard,8818-03-14 01:44:25Z,5611-11-25 21:05:43Z
Ryan,Sheldon,5674-08-20 14:45:17Z,7768-06-23 09:52:09Z
Hanna,Becker,8877-09-27 14:54:23Z,0165-08-15 05:45:31Z
Jack,Warren,2830-05-30 14:05:46Z,9379-06-01 13:26:54Z
Crystal,Ventura,4703-10-02 05:32:10Z,2289-09-28 04:40:15Z
Morgan,Baker,9940-06-17 10:48:02Z,5447-04-12 16:19:12Z
Tony,Grady,2845-03-23 00:40:30Z,8389-01-22 18:26:13Z
Rufus,Fall,4174-12-28 09:21:13Z,7875-11-17 01:04:16Z
Martin,Squire,2889-12-13 03:15:44Z,3933-02-20 20:06:42Z
Gil,Graves,1859-07-11 04:51:38Z,3900-09-06 08:14:01Z
Darlene,Edmonds,5766-06-20 01:27:47Z,7571-05-27 15:14:55Z
Aiden,Ramsey,9955-04-11 19:24:45Z,4456-12-02 21:20:30Z
Isabel,Grey,2316-06-21 04:29:33Z,3976-03-13 16:49:14Z
Nate,Harper,7123-06-26 02:47:55Z,6361-09-27 05:50:46Z
Benny,Andersson,1904-04-02 08:26:52Z,9443-10-04 09:52:30Z
Manuel,Mcneill,3451-01-01 19:56:14Z,3596-03-15 21:24:40Z
Chester,Boyle,2832-10-16 17:36:49Z,8095-03-08 16:28:42Z
Isabella,Rycroft,0413-03-21 19:02:39Z,4532-06-09 06:55:42Z
Melinda,Porter,3673-06-25 05:49:40Z,2766-07-16 06:26:05Z
Francesca,Wilde,9071-06-16 13:49:03Z,1349-07-29 16:24:46Z
Ellen,Larsen,3038-10-13 00:54:34Z,9063-10-06 14:27:57Z
Mason,Irving,9159-04-24 11:45:08Z,5329-08-24 09:02:37Z
Rosalyn,Graham,1341-10-06 05:11:36Z,3183-11-13 13:31:54Z
Clint,Rowlands,0635-09-14 04:54:06Z,3702-10-11 14:57:07Z
Angelina,Hamilton,9912-02-23 01:04:53Z,6019-12-05 06:22:09Z
Evie,Knight,1698-01-07 18:42:56Z,5880-11-24 01:55:02Z
Cherish,Lloyd,8524-08-11 06:49:02Z,1627-11-15 17:03:29Z
Anne,Davies,1429-08-14 03:07:41Z,7163-12-09 07:09:44Z
Ronald,Robinson,8937-09-06 09:12:08Z,7821-11-16 13:02:04Z
Andrea,Mccormick,1388-07-14 18:13:51Z,4393-01-21 11:18:39Z
Kurt,Walton,0269-05-27 14:35:15Z,8716-12-18 16:45:16Z
Cherish,Cobb,9586-12-06 20:37:52Z,3805-12-30 04:00:24Z
Percy,Jordan,0042-01-31 08:52:48Z,2771-11-18 19:49:05Z
Elijah,Collingwood,8669-04-12 17:36:51Z,9104-11-30 20:16:47Z
Russel,Butler,1801-08-10 20:35:57Z,0588-01-23 07:18:14Z
Angel,Rixon,0228-04-27 06:41:26Z,5946-01-31 20:54:11Z
Tom,Willson,0918-08-26 02:01:01Z,4701-01-30 07:43:36Z
Carmella,Irving,8240-06-24 10:16:49Z,2184-10-26 11:31:50Z
Caleb,Quinton,8441-12-16 11:53:25Z,3159-11-01 22:20:35Z
Emely,Bolton,0883-12-15 18:34:56Z,5886-12-24 22:33:36Z
Matt,Rivers,1987-11-04 18:25:35Z,3762-04-06 08:23:20Z
Luke,Cunningham,2476-09-09 13:06:34Z,1542-04-02 07:22:00Z
Javier,Plumb,7357-07-10 15:41:52Z,6297-11-03 11:57:13Z
Clint,Horton,6455-02-13 15:28:49Z,9397-07-27 13:56:15Z
Gloria,Farrow,8407-04-07 04:28:22Z,4345-09-25 15:10:35Z
Denis,Forester,4630-04-26 03:43:42Z,7464-06-03 19:25:06Z
Noah,Ventura,6021-07-27 21:37:44Z,2144-09-04 16:25:43Z
Henry,Clifford,8950-04-05 10:12:30Z,1953-02-09 19:46:36Z
Marla,Martin,1825-10-22 12:44:06Z,1934-02-24 17:31:09Z
Macy,Reyes,2386-09-11 06:49:36Z,2202-01-21 21:43:51Z
Amy,Andrews,5680-01-20 15:30:12Z,5512-04-25 00:37:29Z
Alan,Hastings,4196-10-06 08:52:37Z,0211-07-13 22:53:34Z
Vicky,Richardson,6564-07-26 04:22:52Z,9751-01-20 21:02:44Z
Cedrick,Townend,6145-10-01 19:13:53Z,6421-11-01 17:52:39Z
Tom,Gibbons,8189-12-04 20:56:57Z,1991-07-12 22:49:16Z
Kirsten,Torres,9115-06-28 11:07:18Z,5761-04-05 01:35:43Z
Erin,Gibson,8051-01-05 12:38:43Z,3789-09-10 05:01:54Z
Tom,Bradshaw,8374-08-22 07:24:54Z,7760-07-11 21:12:27Z
Matt,Gray,7030-04-07 08:06:35Z,0661-07-29 15:16:54Z
Harry,Partridge,0139-11-30 08:18:14Z,8201-11-01 16:47:21Z
Jolene,Salt,0741-11-06 04:42:23Z,8000-09-25 03:23:16Z
Noemi,Shelton,1021-10-02 03:32:07Z,3129-02-13 13:43:00Z
Florence,Parker,8235-09-23 21:06:39Z,9558-09-11 05:23:06Z
Miley,Styles,6289-06-01 04:22:11Z,2660-11-03 12:52:37Z
Harmony,Murphy,9118-03-01 04:45:06Z,5073-09-18 03:04:20Z
Madelyn,Mitchell,2506-02-14 05:35:42Z,8442-01-14 21:58:09Z
Leroy,Zaoui,4732-05-02 21:09:55Z,0469-04-11 00:49:21Z
Barney,West,9117-07-26 16:20:33Z,4485-12-23 01:19:44Z
Michelle,Davies,3784-04-18 22:46:28Z,4218-10-20 14:53:28Z
Julia,Jobson,4386-10-30 06:35:10Z,4605-06-09 02:13:58Z
Claire,Marshall,3388-07-21 11:15:09Z,3957-01-23 19:39:24Z
Joseph,Vernon,0949-01-13 22:22:27Z,6250-06-23 09:55:52Z
Maddison,Andrews,4731-09-27 10:43:22Z,9880-07-16 21:05:45Z
Matt,Reading,0396-09-28 10:30:18Z,0262-09-28 17:13:03Z
Sebastian,Pope,3438-10-17 06:13:42Z,8354-12-18 16:17:06Z
Nathan,Rose,8656-10-26 01:31:46Z,4076-07-08 21:34:38Z
Boris,Taylor,0553-04-18 11:50:08Z,5988-09-26 15:41:48Z
Denis,Swan,1293-12-10 03:29:39Z,1526-08-01 05:47:38Z
Adina,Rehman,1739-12-04 09:58:31Z,6186-03-21 18:38:24Z
Vera,Rust,2886-07-01 17:22:33Z,2367-03-24 01:34:16Z
Kaylee,Addley,7363-11-16 20:01:06Z,2550-12-10 16:45:58Z
Aeris,Ellison,8813-05-15 02:51:36Z,9802-07-08 19:03:23Z
Callie,Adams,8407-06-11 08:07:05Z,9159-05-10 03:13:21Z
Barney,Gray,4376-01-18 12:56:24Z,3636-04-11 02:51:25Z
Lucas,Rosenbloom,4073-02-16 15:29:56Z,2564-09-16 04:30:52Z
Maxwell,Campbell,8956-06-06 11:53:01Z,3391-08-03 12:32:36Z
Matt,Drake,4438-04-28 12:54:11Z,6167-03-28 16:10:57Z
Melania,Connor,4335-04-26 16:36:08Z,6595-08-23 22:41:28Z
Cedrick,Collis,5419-08-13 01:02:23Z,0245-09-10 12:19:47Z
Lara,Rixon,9634-10-21 02:34:44Z,6397-06-21 10:20:53Z
Leroy,Simmons,4622-02-13 18:16:52Z,6795-12-11 13:50:07Z
Percy,Harvey,9018-09-17 11:51:47Z,5922-07-20 03:50:10Z
Gemma,Victor,4700-07-06 13:02:22Z,0199-03-05 11:20:34Z
Anabelle,Ring,0798-07-01 05:44:30Z,3449-09-30 22:28:39Z
Brad,Parker,0617-02-04 13:41:55Z,0475-12-03 06:29:43Z
Adelaide,Shaw,9921-08-10 04:14:29Z,6597-10-07 01:29:32Z
Audrey,Utterson,8221-03-20 05:06:17Z,2473-10-19 04:21:29Z
Mark,James,4084-05-31 22:19:25Z,9723-04-02 04:50:50Z
Greta,Snell,0876-11-20 01:30:00Z,6851-12-24 21:57:07Z
Hayden,Hancock,2395-11-18 07:34:38Z,8002-02-14 02:07:13Z
Lucas,Rosenbloom,5838-03-12 04:53:03Z,6874-07-08 20:37:41Z
Kassandra,Gray,7345-04-29 04:35:16Z,5621-10-27 05:22:22Z
Martha,Jacobs,1689-07-14 14:43:46Z,1722-02-17 01:43:36Z
Luna,Gregory,5038-09-12 19:35:56Z,9977-06-17 01:20:24Z
Sasha,Tennant,5050-07-22 03:58:21Z,2381-04-20 19:43:49Z
Karen,James,4149-08-28 12:09:15Z,5153-05-22 18:53:04Z
Ramon,Stevenson,2307-08-20 07:58:19Z,5644-05-11 04:02:56Z
Megan,Lucas,6638-12-25 11:44:24Z,9340-10-30 05:00:45Z
Margaret,Norburn,0890-01-14 07:26:40Z,4825-01-27 05:26:20Z
John,Widdows,2743-12-04 18:58:02Z,6736-12-09 14:40:52Z
Marla,Larkin,7510-09-05 01:24:49Z,5812-07-23 13:52:17Z
Nate,Oakley,1418-08-06 00:32:37Z,0820-04-15 22:35:36Z
Cassandra,Booth,3896-01-22 15:44:22Z,2604-11-22 13:18:52Z
Chuck,Oakley,3379-05-13 05:01:49Z,9012-07-08 15:32:03Z
Carter,Logan,1326-05-01 18:25:23Z,5917-08-27 15:05:16Z
Danny,Wilson,3615-08-14 08:38:27Z,3208-08-31 22:34:24Z
Jacob,Walsh,8039-03-25 17:30:47Z,1807-10-09 06:02:32Z
William,Edley,2570-09-24 20:18:57Z,6687-03-29 20:12:36Z
John,Locke,9763-09-30 20:22:22Z,5804-11-07 15:56:37Z
Scarlett,Logan,3287-02-05 00:54:35Z,4110-11-19 09:02:42Z
Carmella,Emmott,1045-11-20 11:19:28Z,6521-06-05 02:21:47Z
David,Shaw,8275-06-26 20:08:25Z,6002-12-02 13:04:54Z
Ruby,Stuart,9283-08-19 19:23:22Z,2577-05-10 10:09:52Z
Oliver,Butler,8718-11-11 08:03:52Z,9283-06-04 13:34:49Z
Victoria,Dann,5011-08-13 02:45:10Z,8107-12-19 18:56:47Z
Hank,Allwood,1762-04-03 14:54:06Z,3945-01-26 14:12:53Z
Martha,Griffiths,9556-08-16 12:05:31Z,6719-06-30 00:29:04Z
Sabrina,Farrell,4273-01-07 17:37:11Z,4469-05-23 15:11:05Z
Luke,Bailey,6957-08-10 17:07:46Z,5339-05-10 21:22:55Z
Tom,Jones,5454-12-28 13:40:37Z,1389-06-21 18:27:43Z
Chester,Murray,7489-03-26 20:17:53Z,9475-09-05 22:00:48Z
Roger,Uddin,2600-01-07 17:56:44Z,1381-02-20 02:06:07Z
Aurelia,Uttley,8818-01-11 03:55:33Z,3080-12-02 19:42:21Z
Brad,Avery,9468-05-16 19:49:51Z,5863-09-04 21:22:07Z
Violet,Carter,2855-12-21 18:42:52Z,0009-05-02 16:21:35Z
Henry,Lee,8671-03-15 16:20:20Z,6395-10-05 02:16:26Z
Rocco,Abbey,3131-08-24 21:07:51Z,5517-06-19 03:42:00Z
Barry,Paterson,5963-01-22 08:12:39Z,3072-08-02 03:21:44Z
Maxwell,Huggins,0798-03-05 03:28:31Z,9467-12-01 18:05:39Z
Angelique,Vollans,9724-04-30 20:35:00Z,4491-11-14 13:37:35Z
Juliet,Roman,2709-02-22 08:08:39Z,3324-03-04 22:54:41Z
Mary,Hopkinson,2334-06-21 17:38:20Z,6049-07-19 07:37:19Z
Gwen,Baxter,6238-09-23 10:36:39Z,8580-09-18 13:42:09Z
Bryon,Malone,8089-01-10 17:20:50Z,6144-09-28 19:10:57Z
Lillian,Tate,7390-11-11 02:55:38Z,8442-04-28 05:00:15Z
Julius,Veale,6470-05-31 20:30:00Z,4743-06-17 09:11:31Z
Stacy,Wooldridge,4245-06-10 22:18:29Z,9904-10-21 11:26:21Z
Joseph,Gavin,8847-11-12 07:40:00Z,0139-05-25 07:42:52Z
Phillip,Garcia,1619-08-13 20:48:50Z,1402-04-15 09:57:25Z
Britney,Whitehouse,3146-06-04 03:37:09Z,8537-07-08 17:33:53Z
Carter,Tate,7622-07-19 12:49:00Z,4605-01-24 02:28:38Z
Goldie,Watson,2626-10-29 02:28:38Z,8503-07-09 01:27:55Z
Martin,Needham,5702-06-11 04:02:49Z,1601-11-16 12:08:58Z
Boris,Thorpe,3997-01-25 07:58:49Z,6797-03-22 07:29:46Z
Chris,Emmott,0520-08-07 00:08:30Z,0034-12-31 16:05:57Z
Josephine,Buckley,1921-02-08 07:46:09Z,3004-03-10 12:19:38Z
Emmanuelle,Douglas,8629-10-04 17:28:47Z,1707-04-19 16:57:08Z
Marvin,Varley,5182-11-05 04:52:18Z,1567-11-18 19:03:01Z
Chad,Stone,2076-12-17 22:12:40Z,3794-01-13 18:09:07Z
Logan,Villiger,1890-11-04 05:39:42Z,8327-09-14 22:07:48Z
Tony,Wooldridge,6738-04-06 03:52:49Z,1437-04-23 15:16:36Z
Russel,Alldridge,6553-10-18 18:16:06Z,7913-04-06 21:47:01Z
Gemma,Jennson,3292-12-31 21:13:35Z,3240-03-05 20:54:12Z
Daron,Dempsey,5338-09-13 19:18:49Z,2357-09-23 02:52:29Z
Tony,Ainsworth,5337-01-17 10:22:35Z,0415-06-11 01:18:47Z
Logan,Bailey,3446-04-05 04:38:14Z,8197-02-17 18:20:24Z
Marvin,Skinner,1216-02-05 21:56:15Z,5556-07-14 18:54:30Z
Faith,Emmett,7955-12-16 11:49:58Z,2825-09-26 19:36:24Z
Mya,King,1893-06-11 14:38:35Z,4160-08-05 07:31:05Z
Aileen,Grady,4121-12-14 11:24:19Z,4858-11-28 05:23:16Z
Marilyn,Rehman,5490-04-21 16:48:14Z,5372-05-24 22:43:00Z
Luke,Reynolds,9322-08-27 07:18:39Z,1396-12-08 10:22:24Z
Hazel,Wilkinson,3835-01-03 22:25:38Z,7966-10-30 13:12:07Z
Benny,Stewart,6403-02-20 20:49:21Z,8788-03-13 08:47:05Z
Ryan,Whatson,4799-04-19 04:06:39Z,3462-12-21 17:00:51Z
Jules,Samuel,1656-04-18 17:23:34Z,7405-07-27 08:30:51Z
Manuel,Pond,2920-07-07 09:27:17Z,2608-09-27 02:34:19Z
Denis,Alldridge,9035-09-16 18:18:58Z,4504-11-09 18:11:15Z
Rosa,Randall,4747-11-05 02:26:45Z,1383-08-19 22:16:12Z
Julian,Pickard,1879-10-14 17:38:21Z,0855-03-26 15:24:31Z
Josh,Knight,2620-08-03 22:04:35Z,2901-09-17 12:18:36Z
Payton,Wilson,8172-09-02 06:01:30Z,1226-02-09 02:18:06Z
Carl,Kirby,7156-12-04 00:39:36Z,3650-08-16 03:46:42Z
Tom,Dempsey,2128-04-03 03:21:10Z,8481-12-01 10:56:35Z
Hanna,Whitmore,3707-02-11 10:37:49Z,9629-02-14 12:06:24Z
Lily,Fisher,5463-08-31 21:24:57Z,9251-01-31 09:31:52Z
Gil,Lynn,6045-06-01 03:38:20Z,2744-03-11 15:21:30Z
Francesca,Anderson,3450-10-25 13:02:45Z,4021-07-02 13:39:18Z
Hank,Victor,6664-08-03 04:56:12Z,9230-10-31 00:24:41Z
Owen,Watt,7661-09-10 06:57:29Z,6885-12-07 19:43:52Z
Denny,Whittle,2013-11-07 08:22:11Z,5230-08-02 18:50:34Z
Hannah,Butler,9380-10-29 21:40:08Z,3513-05-11 14:56:48Z
Enoch,Cobb,5789-02-13 06:03:16Z,7135-07-27 17:55:24Z
Alexander,Lunt,4651-09-28 19:34:00Z,4001-03-31 05:32:07Z
Joseph,Yard,8280-11-12 08:17:21Z,3373-07-30 05:46:04Z
Madelyn,Flett,6224-09-24 02:19:54Z,8095-01-06 01:54:09Z
Regina,Tennant,4730-02-02 02:06:07Z,9512-02-10 09:23:40Z
Kate,Salt,7508-04-03 21:44:53Z,3762-12-28 11:08:19Z
Leroy,Collins,8427-01-04 16:15:04Z,5906-03-26 04:36:56Z
Hanna,Archer,3551-10-12 05:10:13Z,3861-06-20 18:22:22Z
Eden,Moreno,8716-06-23 03:33:00Z,4333-01-11 12:46:49Z
Kurt,Shaw,6303-01-30 09:50:03Z,3606-11-18 05:46:43Z
Daron,Jones,3957-06-24 16:34:40Z,9901-07-11 16:45:55Z
Johnathan,Campbell,9710-07-14 12:41:03Z,1574-03-16 14:49:07Z
Daniel,Morley,7248-09-11 19:19:10Z,0255-08-03 13:35:38Z
Jessica,Collins,4759-12-31 10:57:19Z,4431-07-03 18:00:52Z
Barney,Ebbs,6592-07-18 19:09:58Z,2033-09-05 13:55:36Z
Lara,Buckley,6708-10-13 20:14:30Z,9646-12-08 03:09:17Z
Jack,Vaughan,4951-07-16 01:42:42Z,7142-09-13 18:48:13Z
Harvey,Ballard,0657-02-25 22:10:10Z,8221-11-27 22:38:02Z
Isabella,Corbett,8051-03-20 13:43:48Z,4784-07-25 15:49:35Z
Caydence,Clark,1642-01-03 17:26:15Z,4890-12-24 17:07:22Z
Carrie,Wilde,6052-08-17 20:04:19Z,1426-01-13 03:30:15Z
Diane,Brown,6900-04-27 10:57:53Z,2359-02-19 03:57:37Z
Chester,Hood,9015-02-22 05:43:53Z,3331-12-05 04:31:38Z
Daron,Long,1999-08-03 16:38:29Z,3359-07-14 12:19:20Z
Percy,Mason,4741-09-08 06:27:21Z,2532-11-06 14:08:44Z
Luke,Whitmore,7037-06-27 15:20:25Z,8094-02-08 21:58:35Z
Sebastian,Emmett,4901-09-26 17:18:23Z,8999-08-07 13:38:17Z
William,Bolton,4274-06-16 21:15:31Z,0800-01-29 13:22:53Z
Vicky,Spencer,4962-02-06 01:18:04Z,5265-06-04 13:19:43Z
Candace,Wright,9839-12-14 12:08:56Z,3533-04-01 00:28:26Z
Jacob,Stuart,2764-01-12 16:04:52Z,7295-01-11 08:35:40Z
Florence,Attwood,9939-08-21 15:00:19Z,3735-03-06 22:18:32Z
Doris,Lewin,4434-07-04 09:06:33Z,7266-10-30 12:52:26Z
Erica,Goldsmith,2199-01-26 07:13:10Z,7970-05-25 05:43:02Z
Erica,Shepherd,9900-04-25 19:08:37Z,9798-01-25 01:10:53Z
Elijah,Kidd,8329-07-11 07:56:18Z,0029-03-14 18:41:14Z
Felicity,Glass,7741-07-26 08:45:09Z,5764-10-12 17:34:29Z
Evelynn,Cann,4534-03-11 13:57:55Z,7468-10-04 11:42:32Z
Daron,James,3869-07-18 00:16:50Z,7942-03-13 09:01:47Z
Mason,Wigley,2159-10-01 11:22:27Z,4034-04-16 06:34:23Z
Jazmin,Blackwall,3796-05-02 16:58:22Z,2560-06-10 07:58:41Z
Kaylee,Barclay,3873-01-08 07:29:17Z,7822-08-02 07:33:41Z
Wendy,Powell,2375-06-11 02:34:27Z,3435-06-21 04:07:08Z
Raquel,Kerr,0074-03-18 06:16:28Z,5382-10-03 02:01:06Z
Carl,Scott,8286-09-23 03:52:10Z,6211-09-15 22:01:41Z
Benny,Randall,1421-11-23 14:24:53Z,9124-12-21 03:50:32Z
Mike,Potts,3799-10-23 00:12:48Z,2440-10-30 04:31:34Z
Hayden,Becker,4088-09-16 21:40:17Z,7223-10-07 04:06:26Z
Maxwell,Henderson,8652-04-25 15:50:33Z,6257-10-14 22:10:33Z
Bryon,Shaw,4487-12-01 03:39:20Z,3771-11-16 18:29:06Z
Tess,Smith,7333-03-08 16:42:36Z,1902-03-17 21:44:05Z
Andrea,Connell,5147-07-01 08:20:15Z,6183-01-17 05:20:01Z
Caleb,Cameron,9600-10-16 18:01:56Z,3452-11-21 09:35:20Z
Aiden,Morris,1320-02-19 21:08:56Z,4356-07-31 00:24:27Z
Matthew,Yoman,9340-06-03 17:18:05Z,7588-10-30 13:08:04Z
Shay,Gardner,7732-05-22 21:41:38Z,8449-04-24 12:08:44Z
David,Hope,3828-05-12 09:12:17Z,1827-06-20 04:55:33Z
Courtney,Mullins,0261-05-15 00:41:51Z,5864-01-23 18:27:15Z
Ciara,Marshall,3587-09-29 00:26:17Z,5907-04-08 10:15:41Z
Goldie,Chadwick,5513-01-24 08:06:46Z,5762-05-13 08:12:30Z
Domenic,Robinson,7472-01-08 21:00:46Z,2586-04-03 16:40:29Z
Hailey,Gonzales,0241-08-14 09:45:00Z,5920-03-15 16:39:50Z
Bridget,Harrison,4748-04-22 15:34:05Z,0102-09-13 10:14:44Z
Daniel,Allen,6115-09-22 01:26:30Z,3322-01-05 17:34:12Z
Denis,Parr,5272-06-11 21:20:45Z,9842-03-01 14:32:38Z
Leroy,Jenkins,2724-09-18 06:24:41Z,2484-07-22 06:25:44Z
Liam,Lakey,4125-11-23 07:19:28Z,2599-03-11 22:05:38Z
Joyce,Morgan,9475-11-11 16:14:18Z,0260-07-15 18:41:05Z
Mason,Ward,3392-01-04 18:01:47Z,0838-06-16 11:08:27Z
Cassandra,Fisher,1147-07-22 13:01:17Z,7243-12-22 15:26:00Z
Louise,Wilson,3248-11-07 12:10:23Z,2225-01-08 10:43:38Z
Barry,Bailey,0734-11-20 11:17:40Z,1761-09-25 11:55:10Z
Nate,Vince,8329-04-24 02:12:01Z,3016-07-24 02:14:05Z
Olivia,Greenwood,0144-02-28 06:50:24Z,8613-06-08 00:24:47Z
Matthew,Reyes,0413-09-01 02:42:35Z,5483-03-29 04:29:48Z
Oliver,Ward,4919-07-18 09:56:22Z,9208-06-17 08:28:33Z
Emely,Russell,0591-09-23 05:26:15Z,3148-04-20 10:31:21Z
Naomi,Yang,7916-08-23 00:29:24Z,7533-04-28 21:43:15Z
David,Upsdell,5224-08-13 19:52:02Z,9404-12-22 15:54:14Z
Maia,Ring,9821-12-10 19:16:20Z,2335-12-10 16:56:26Z
Payton,Ebbs,7002-11-25 09:27:57Z,1676-02-20 09:43:17Z
Lucas,Edwards,5367-02-09 08:32:13Z,3743-04-30 18:36:07Z
Sarah,Welsch,8094-09-13 03:12:03Z,5198-05-21 04:46:47Z
Roger,Pope,8221-09-20 10:25:04Z,7729-11-01 05:11:55Z
Denis,Morris,4455-10-31 11:42:07Z,8592-08-10 20:20:19Z
Carmella,Thomson,8908-03-12 05:14:53Z,6477-10-01 05:56:29Z
Mara,Russell,7145-05-23 21:07:09Z,6013-06-28 13:24:10Z
Vera,Herbert,3639-11-15 15:28:55Z,6605-10-10 06:25:28Z
Chelsea,Hammond,9313-07-10 05:10:09Z,1253-01-31 22:14:26Z
Caleb,Hogg,7310-06-10 12:35:56Z,2580-02-14 06:55:09Z
Chester,Vernon,5269-04-28 12:44:56Z,9871-12-24 21:31:01Z
Cedrick,Collins,7831-11-14 16:56:58Z,4761-05-29 14:10:43Z
Ramon,Stevens,6329-06-07 02:52:57Z,4026-08-27 00:29:19Z
Sasha,Notman,4045-03-14 15:24:12Z,1381-02-07 01:42:25Z
Benjamin,Graham,9478-07-28 19:37:57Z,7818-09-18 15:44:24Z
Ethan,Stevens,8939-11-22 10:50:57Z,5846-04-29 21:01:41Z
Goldie,Dixon,3787-09-01 00:31:45Z,3381-04-20 12:27:18Z
Denny,Needham,6850-11-10 05:15:58Z,6207-12-11 07:43:53Z
Dasha,Cork,5105-04-24 04:32:13Z,5534-10-12 02:40:42Z
Kieth,Faulkner,5691-11-26 18:05:12Z,4438-05-30 02:17:06Z
Harvey,Tailor,2090-01-11 04:35:57Z,9638-05-20 13:17:47Z
Michael,Victor,8682-05-11 19:58:32Z,7846-07-11 09:45:34Z
Sabina,Cooper,1159-12-17 09:09:46Z,1770-07-13 04:26:46Z
Katelyn,Simpson,3016-04-12 00:55:14Z,5896-05-24 12:23:54Z
Chad,Wood,7009-07-18 22:06:38Z,6591-11-20 15:30:31Z
Chad,Lyon,0931-01-28 17:26:10Z,7868-11-07 09:50:00Z
Rosemary,Walter,5667-01-30 18:02:17Z,1951-02-17 20:22:38Z
Daniel,Mcgregor,4150-05-31 09:03:08Z,5178-08-24 11:54:14Z
Alexander,Simmons,2086-03-16 05:29:03Z,8027-07-17 02:31:54Z
Macy,Jarrett,1343-06-18 04:03:21Z,4641-10-04 18:07:52Z
Caleb,Moran,6780-08-29 07:22:02Z,2691-03-18 20:54:44Z
Ivette,Adams,3581-11-17 13:32:13Z,3923-08-04 17:50:43Z
Lauren,Sanchez,2807-12-15 05:00:45Z,0537-11-20 16:46:21Z
Emery,Weston,5305-07-18 20:06:01Z,5337-05-01 05:35:09Z
Raquel,Flynn,7761-08-01 13:30:08Z,0719-03-04 00:16:09Z
Kurt,Keys,3973-09-16 02:22:16Z,2154-04-28 04:08:23Z
Lucy,Gosling,8276-05-01 15:25:12Z,8586-04-04 12:14:33Z
Aleksandra,Warden,5046-05-15 15:29:37Z,9818-09-20 16:30:11Z
Clint,Plumb,1332-11-02 18:43:43Z,3184-01-04 00:27:44Z
Benjamin,Lindsay,9485-04-01 20:04:54Z,2132-11-29 10:02:34Z
Harriet,Rossi,8927-05-04 10:52:38Z,2335-08-10 11:37:12Z
Rick,Thorpe,6944-06-30 20:41:27Z,5403-04-02 11:45:48Z
Tara,Phillips,5561-02-13 17:24:41Z,7686-10-21 05:27:36Z
Mayleen,Connor,2405-07-02 08:49:05Z,0849-05-28 12:49:32Z
Liv,Bingham,2541-10-03 22:22:27Z,6729-08-31 21:15:45Z
Chad,Camden,3367-03-22 15:28:55Z,4648-10-18 05:09:35Z
Bethany,Ross,4539-12-31 12:50:21Z,4554-11-04 21:55:16Z
Freya,Walker,3020-05-14 17:02:13Z,0958-02-22 06:12:49Z
Brad,Baxter,9038-04-13 15:21:09Z,6200-08-10 07:39:56Z
Barney,Murphy,8001-10-03 10:30:06Z,2175-10-27 22:19:29Z
Roger,Mcgee,0347-11-09 21:26:41Z,3691-08-27 21:56:44Z
Owen,Salt,5501-09-20 20:29:12Z,8354-03-27 14:15:18Z
Rosemary,Fox,5018-08-11 07:30:07Z,8782-04-28 06:51:20Z
Ethan,Shaw,8691-06-05 17:54:26Z,2509-12-15 08:42:11Z
Leanne,Isaac,2501-01-15 12:00:52Z,3821-08-03 08:03:10Z
Skylar,Larsen,5329-03-31 14:54:34Z,4909-05-02 15:04:23Z
Peter,Nielson,6810-04-16 03:34:45Z,5845-04-13 06:31:06Z
Elly,Long,2518-07-28 17:29:14Z,4961-09-25 21:48:10Z
Denny,Uttridge,3363-03-08 02:58:50Z,7600-08-14 16:38:47Z
Grace,Janes,5690-09-30 09:25:07Z,7976-04-21 01:30:03Z
Angela,Kennedy,2811-09-05 19:24:20Z,9947-08-07 16:15:13Z
Cecilia,Lindop,3448-02-10 00:34:53Z,8244-08-30 13:52:18Z
Denis,Kirby,6827-10-27 07:03:06Z,6985-06-06 19:17:06Z
Chadwick,Gibbons,0552-07-03 06:34:30Z,7653-01-07 22:22:33Z
Jane,Mackenzie,2243-08-22 09:50:12Z,9731-08-23 11:36:44Z
Cherish,Paterson,5983-11-09 11:20:13Z,2963-03-03 19:56:07Z
Raquel,Freeburn,2896-08-08 17:58:22Z,0592-08-22 13:29:44Z
Wendy,Blythe,4585-03-07 21:12:52Z,7253-10-14 08:39:21Z
Sharon,Larsen,4568-08-25 17:13:16Z,4690-11-08 02:25:26Z
David,Zaoui,9347-01-12 14:50:48Z,9140-01-02 20:07:58Z
Chester,James,1399-09-03 12:08:19Z,5709-05-19 11:17:44Z
Meredith,Talbot,8327-12-16 22:45:05Z,5901-10-15 10:04:18Z
Bree,Weston,5238-02-24 06:20:03Z,8113-10-14 10:32:21Z
Alison,Matthews,3169-12-23 04:05:56Z,8981-06-21 14:08:40Z
Ryan,Tailor,1020-01-30 15:05:43Z,3239-03-20 10:02:40Z
Anabel,Oatway,6161-07-10 05:46:15Z,7595-08-06 01:43:23Z
Chris,Sylvester,5158-12-24 17:39:08Z,6920-04-24 19:55:37Z
Daron,Freeburn,4219-01-27 14:15:19Z,4875-07-27 00:29:40Z
Enoch,Dixon,7008-06-15 21:17:40Z,1386-11-17 12:23:16Z
Gloria,Thompson,5861-02-05 20:24:34Z,6318-11-26 13:06:03Z
Chuck,Richards,1943-06-15 14:31:54Z,2721-01-10 01:14:42Z
Danny,Archer,8150-07-10 18:21:27Z,5534-06-09 06:31:20Z
Rebecca,Mccall,8357-12-22 16:49:44Z,8556-08-31 09:23:36Z
Morgan,Wheeler,5066-01-02 07:45:44Z,8665-11-07 11:09:33Z
Mina,Williams,7710-07-29 02:03:07Z,0785-06-20 07:33:41Z
Raquel,Middleton,3585-06-24 21:41:10Z,4164-05-10 14:49:05Z
Noah,Stark,3085-07-09 11:35:41Z,6868-07-31 18:22:46Z
Felicity,Williams,0648-05-26 14:45:37Z,7772-03-14 02:48:54Z
Tyler,Yarlett,1481-07-12 09:04:34Z,4502-07-01 19:18:27Z
Peter,Wilkinson,4626-01-21 13:27:24Z,3916-11-20 11:10:54Z
Marina,Pond,2938-01-29 06:54:32Z,6392-02-27 12:00:10Z
Marigold,Randall,1604-12-29 02:30:07Z,2367-02-02 21:04:18Z
Jacob,Stark,6022-05-05 00:18:12Z,3856-04-26 13:38:58Z
Elena,Willson,8543-06-13 02:09:01Z,8110-05-04 07:17:17Z
Liliana,Sanchez,3022-01-24 11:55:17Z,1550-10-19 13:06:36Z
Bob,Snow,6915-09-27 06:35:19Z,2536-11-02 22:21:10Z
Anne,Swan,3061-07-18 22:21:05Z,4256-09-30 14:45:00Z
Beatrice,Hepburn,3001-04-13 12:21:53Z,2306-07-10 22:32:22Z
Trisha,Dann,1628-09-17 19:32:40Z,5574-07-03 07:54:06Z
Mabel,Dwyer,9960-07-08 11:34:12Z,7294-01-18 22:19:35Z
Enoch,Pierce,3915-06-18 16:14:25Z,0231-04-28 22:48:47Z
Percy,Redfern,1433-11-01 03:48:23Z,8682-03-31 06:49:52Z
Violet,Murray,3040-10-05 00:46:41Z,5012-06-21 00:12:45Z
Rocco,Brooks,7713-04-02 02:17:15Z,5344-03-07 08:06:18Z
Enoch,Allwood,8527-09-08 08:44:47Z,8611-10-22 15:28:42Z
Celia,Nurton,0875-09-13 16:26:42Z,5218-11-06 21:35:02Z
Mark,Mcgregor,3720-07-31 00:30:07Z,3339-01-24 20:43:34Z
Bernadette,Ianson,4513-01-27 14:01:52Z,6400-08-30 07:43:03Z
Piper,Hilton,6838-07-21 09:50:32Z,0126-05-03 09:29:15Z
Chris,Brown,4808-02-08 07:14:40Z,5273-09-28 17:44:07Z
Clarissa,Locke,6362-08-17 01:24:48Z,8818-03-09 13:51:58Z
Tania,Emerson,6882-01-09 14:39:34Z,3213-09-24 11:13:19Z
Oliver,Whitmore,9704-12-19 07:46:12Z,1127-12-04 12:58:54Z
Rhea,Michael,0476-12-05 07:25:42Z,1308-02-24 18:37:16Z
Barney,Beal,7926-01-30 15:33:05Z,2061-01-04 06:30:47Z